<?xml version="1.0" encoding="UTF-8"?>
<!DOCTYPE mapper PUBLIC "-//mybatis.org//DTD Mapper 3.0//EN"
    "http://mybatis.org/dtd/mybatis-3-mapper.dtd">
<mapper namespace="com.example.ProductDao">
	<select id="selectProduct" resultType="String">
<![CDATA[
    select m_code  from t_product where rownum = 1
]]>
	</select>



	<select id="selectProductList" resultType="com.example.ProductVo">
<![CDATA[

    select m_code , prod_id , prod_nm from t_product

]]>
	</select>

	<select id="selectProductListByMcode" resultType="com.example.ProductVo">

		select m_code , prod_id , prod_nm from t_product
		where 1=1
		<if test="value != null"> and m_code like '%' || #{value} || '%'</if>
		<!--  <include refid="prod_id"></include>-->
	</select>

	<sql id="prod_id">
		and prod_id like '%' || #{value} || '%'
	</sql>
	

</mapper>